Feature_Vector,Image,Label
"[39.62733915090652, 41.52276381105728, 20.04964713066564, 172.67750155367642, 165.42343491092396, 173.99050776807454, 154.27101535223576, 158.47843565718586, 0.0005000651916069896, 0.0010458731764966013, 0.0011798468052576104, 0.0003617615827227609]",Tree_Pose_0.jpg,correct
"[66.8065600745889, 165.72181755054996, 177.7789702452155, 22.17480121896518, 172.62728559222057, 178.43828071836742, 172.44119020219333, 86.75956757358232, 0.0007608340671726847, 0.000882577333084291, 0.0012892387921903399, 0.0018492589165520687]",Tree_Pose_100.jpg,incorrect
"[26.907902105556158, 40.24358739421721, 169.86411582506844, 21.18334702631033, 179.1712382459582, 174.42842789508006, 159.65613700226018, 143.24553674914526, 0.0003467423214317613, 0.0006477449531168173, 0.001184033115179171, 0.0014973598210849012]",Tree_Pose_101.jpg,incorrect
"[164.6525648356339, 166.33096223368423, 29.04509988525249, 179.1156604344748, 34.049482089475966, 15.764648016233023, 141.78227355813303, 178.73512935714936, 0.0009439954685324288, 0.0007648723574899509, 0.001022394652009253, 0.000382981748307932]",Tree_Pose_102.jpg,correct
"[164.50629040616565, 177.21593314872092, 18.03608548955899, 177.13569331508143, 14.647727633930904, 23.844711068909096, 158.4011385441066, 170.77165626057277, 0.000658791104036525, 0.0004829181165375605, 0.0009159400023755493, 0.0001535476891645817]",Tree_Pose_103.jpg,correct
"[11.275041082124796, 8.494972173042575, 90.67273678364563, 33.910927154970324, 171.69713098259416, 159.29589713195762, 124.52228826056023, 158.2469299089699, 0.00021505268069563771, 0.0006367006337650811, 0.00124295186653801, 0.0008984616539451997]",Tree_Pose_104.jpg,incorrect
"[167.97509417340666, 171.4886563557952, 25.324231725521678, 179.14068335703647, 91.26488916345582, 64.4106911986469, 151.38151566635975, 161.71897020977454, 0.0012902072068833566, 0.001034708125089081, 0.0011705682040967149, 0.00046455198139421313]",Tree_Pose_105.jpg,correct
"[37.59032874404726, 33.95385425645546, 172.638844658242, 120.52143943369123, 174.60976416303433, 179.78768826946495, 163.04437494727358, 146.5851963174966, 0.000366738515667125, 0.0007144464697541086, 0.0010011024585874543, 0.001389095252390421]",Tree_Pose_106.jpg,incorrect
"[149.59097440629824, 123.9844513246022, 60.196944167978955, 145.98302014270456, 110.22843302114627, 120.28624404267327, 149.93735091903204, 135.85430995355983, 0.0003909746987173981, 0.00047495812023436255, 0.0008723178577217226, 0.0004156360639049047]",Tree_Pose_107.jpg,correct
"[88.60817191121679, 91.77660878188775, 71.07284458818981, 178.72626311611475, 79.2368149787772, 53.768594549686554, 149.71649178506397, 135.0909301138621, 0.000656282190905236, 0.0007543374604382971, 0.0008250619308530809, 0.0008259797310462639]",Tree_Pose_108.jpg,correct
"[144.5271573997994, 172.9819400084319, 43.84529668418888, 147.67252142319236, 64.34678588129879, 39.47824019590181, 144.5825225485528, 121.8397588937303, 0.0010453625331699092, 0.0010269188717088261, 0.0012761216986435617, 0.0007128368613965394]",Tree_Pose_109.jpg,correct
"[134.54773081293166, 133.73542064693478, 15.210473809563426, 162.34677440191066, 56.921993730984894, 43.88121244241362, 151.39434858303198, 61.32620511721882, 0.001147867940503598, 0.0011538313308252996, 0.001092648782513944, 0.000396985280544493]",Tree_Pose_11.jpg,correct
"[171.6681496659509, 167.00416886852267, 17.609720924949094, 170.74915249843377, 81.01593766476552, 55.174621555599394, 124.29802731328745, 68.01155399942276, 0.0015784281390608913, 0.0012207244511472457, 0.0009022435737016764, 0.00037502121573491475]",Tree_Pose_110.jpg,correct
"[11.071864992250772, 6.514702565020638, 173.79524599959737, 161.51136629740796, 172.3483154633397, 153.97889154334933, 174.97513682851684, 136.7306479647492, 0.00014764183712522377, 0.0008681151006735609, 0.0010440325871902724, 0.001758964280772767]",Tree_Pose_111.jpg,incorrect
"[14.55605536257797, 33.14163543070924, 166.35949285919463, 176.3354152094035, 108.16861507905446, 145.65393421325584, 152.50794045280222, 161.200786380357, 0.00014069359701670414, 0.0008254385302718396, 0.0009818889362264746, 0.0015258347752642044]",Tree_Pose_112.jpg,correct
"[119.66552812135697, 117.92302327387597, 165.99401066973138, 179.835989291135, 55.119453326515526, 58.276882922469696, 159.4722629303794, 158.17212738741057, 0.0009413135512695203, 0.0008103301712198955, 0.0010725548210978905, 0.0015546602167996375]",Tree_Pose_113.jpg,correct
"[85.75621520964555, 89.73553704400831, 172.5877057821049, 23.420735880481818, 72.18213431391092, 60.79705987402583, 163.7005765464619, 173.88601709080297, 0.00045452704909605256, 0.00044849423809442256, 0.0007585543977313888, 0.0008483441955389443]",Tree_Pose_114.jpg,incorrect
"[78.89237968500716, 79.02333832771583, 178.88485591337266, 44.247790393978434, 79.91064771554154, 67.69485571035351, 169.55273796255457, 144.99118142049198, 0.0007418962261704583, 0.0007855648437604688, 0.0010771535318197397, 0.0014716379687533011]",Tree_Pose_115.jpg,correct
"[3.938120804871652, 33.686029078464045, 179.36649254784294, 153.25215655582207, 172.9127989101083, 138.87811062726868, 166.36356755599397, 163.37639929581582, 0.0001010264009027137, 0.0005273478002814112, 0.0007744155892017206, 0.0011152474614145602]",Tree_Pose_116.jpg,incorrect
"[134.11715677183895, 162.31892358002537, 177.3127330733381, 118.66154923253472, 41.49655448543762, 167.15845863332785, 148.9798527775402, 68.09381625337235, 0.0012088727946276089, 0.0009316682511049832, 0.0012744884879750111, 0.0016971775528003452]",Tree_Pose_117.jpg,correct
"[155.1525768484954, 152.16361844094195, 165.54559032899675, 27.910134372989116, 48.85510550173773, 25.883819650896182, 156.1170131214467, 133.18527548193643, 0.0010848325341673145, 0.0006914079345439654, 0.0011802395112836099, 0.001408072795225143]",Tree_Pose_118.jpg,correct
"[52.81410926866316, 53.477711814347664, 2.439017871170874, 176.28624548515316, 154.8507716294883, 170.00847500610743, 130.2662030570417, 153.8361582194515, 0.0004604410413630853, 0.0009457501342360879, 0.0008453311692965849, 0.0004194768413328141]",Tree_Pose_119.jpg,incorrect
"[137.88409993935895, 139.09658104784802, 177.90830200857917, 26.111764495782246, 164.97235715031536, 155.13382549205775, 163.36954829545016, 147.66583455433894, 0.0007341999905673962, 0.00044518931542342064, 0.000631585956825852, 0.000859907970344598]",Tree_Pose_12.jpg,correct
"[139.0288947882775, 142.6687402580631, 17.40343530480617, 178.2822946516218, 36.60960982013346, 26.79105616130616, 153.20299070235114, 171.92555788456522, 0.000818769142277178, 0.0007823065460114934, 0.0010151152277887007, 0.00023487115501294925]",Tree_Pose_120.jpg,correct
"[158.25671477524796, 149.44395707155, 177.61902656019126, 28.07497892592209, 42.2787051847803, 29.35416763827327, 65.53085992689043, 174.6830622142264, 0.0010024586748545953, 0.0006764662128708261, 0.0009634420320110351, 0.0013859226402817455]",Tree_Pose_121.jpg,correct
"[154.1018532904759, 150.57596299295363, 23.713818381010853, 167.9978679218055, 95.92599079986384, 92.42161712457032, 127.86323791366198, 55.017834087740766, 0.0008779405656469457, 0.0007625578569136132, 0.0008955263043362475, 0.000318375314094154]",Tree_Pose_122.jpg,correct
"[127.52472986462762, 147.91520157330305, 156.50100033728063, 172.97709386678497, 126.98686202620765, 102.58168590598011, 161.7682773605547, 174.4958043981269, 0.0002620953328315432, 0.0004278893820645849, 0.00043221376682868635, 0.0008489512209505993]",Tree_Pose_123.jpg,correct
"[123.01433606512818, 117.85725694402355, 177.2004523531742, 28.40114400181843, 63.29417387083602, 50.50262658100077, 169.30690159206944, 139.79601412507236, 0.0006228879593772914, 0.0005287889162056169, 0.0006856606596578579, 0.0010175309572784317]",Tree_Pose_124.jpg,correct
"[30.37007284293411, 32.68397472091321, 10.994078066995295, 177.7655949650591, 169.84149384588014, 164.5303027758848, 148.38622304255063, 160.04063621830807, 0.00030886754346654856, 0.001139757669049469, 0.00107793226160562, 0.00028297685161365427]",Tree_Pose_125.jpg,correct
"[165.57063217566935, 172.60865175390992, 5.305589332617194, 165.21898620893808, 13.631892073548707, 8.538481476226238, 161.48187563652772, 160.5065768928044, 0.0009207337704709602, 0.0007948505800532709, 0.0009861538067065113, 0.0005511101287478834]",Tree_Pose_126.jpg,correct
"[176.76383383920097, 174.55324433072724, 173.00643642674066, 14.483792547804304, 109.31975969751124, 66.42025229753907, 177.209603389565, 147.16573788891392, 0.0012355859735445204, 0.0007068981994619295, 0.001211837610130125, 0.001423016732250103]",Tree_Pose_127.jpg,incorrect
"[84.59046252676134, 86.48243544024923, 40.57160720749851, 175.03785821420618, 77.0323382779676, 57.10603940512948, 133.4218138026827, 171.574970726901, 0.0008494327662422784, 0.0009835419403695117, 0.001133874482601805, 0.0006446857727610937]",Tree_Pose_128.jpg,correct
"[31.063844257852217, 15.892117200048117, 169.39172591326133, 139.18306958636896, 128.9539746962793, 175.94578982524888, 145.61696187181653, 140.7981723092964, 0.00033729537980127126, 0.0008917653827505974, 0.0011627882251416279, 0.001520606507473719]",Tree_Pose_129.jpg,incorrect
"[174.17170769520348, 170.17924364517125, 44.74927754311286, 179.617153891812, 34.28802554570908, 13.93578424622648, 143.13894267244837, 166.42190146435982, 0.0009535442272508843, 0.0006386148342685892, 0.000918705996930738, 0.00045571155175196327]",Tree_Pose_13.jpg,correct
"[30.36575108947885, 22.48274540692728, 177.5004400780208, 30.236150088287676, 152.91425111750652, 174.09318815543645, 178.16535425098732, 163.1915795608642, 0.0003071289132557749, 0.0007662767947437353, 0.0010573333915895467, 0.0013279907588213107]",Tree_Pose_130.jpg,incorrect
"[32.44072799781741, 38.95647188748785, 171.78849418304745, 12.160814967496723, 162.23772824312172, 155.81453710269622, 165.72967458859776, 161.88200490807688, 0.0003613938530310111, 0.0007779672010562888, 0.0011877043188696298, 0.0016477951330278412]",Tree_Pose_131.jpg,incorrect
"[149.7243622614165, 158.56364161343654, 175.3024164541036, 27.650182578694366, 96.3731514169361, 80.91670221021282, 176.32228648496348, 153.5913857419066, 0.001210619456571229, 0.000627796809356692, 0.0010728046868124597, 0.0013277053857123926]",Tree_Pose_132.jpg,correct
"[63.95819910313359, 48.73169170880263, 19.709094633734953, 178.00899412816557, 151.9785417594107, 161.4727153030331, 175.245426965947, 157.43840648173264, 0.0006570991649980093, 0.0010573018264177655, 0.0011875399177447691, 0.00035668407497215095]",Tree_Pose_133.jpg,incorrect
"[139.57561031763973, 147.56053317651853, 174.6761975421773, 28.89170325093041, 54.15414040973127, 37.065992812864344, 153.4910112453634, 150.08324041720968, 0.0009703170367551622, 0.000697321951303389, 0.00097451913712947, 0.0012660214594963355]",Tree_Pose_134.jpg,correct
"[52.11320914374218, 56.042091088874066, 175.80209171250385, 163.06652395870464, 153.72848848718704, 166.4711893803016, 153.47993205542517, 179.8123588672598, 0.00034899732526058656, 0.0003691069072642874, 0.0008074140761288488, 0.0008016833917266954]",Tree_Pose_135.jpg,incorrect
"[31.214986668501513, 36.719818201359615, 170.51521760961282, 31.268551297946154, 149.38524527289152, 161.48964810570573, 173.00599181641144, 158.40728327910537, 0.0002764564561838588, 0.0007366858825449705, 0.0010490478132936954, 0.0014416879807528091]",Tree_Pose_136.jpg,incorrect
"[36.99359452749883, 41.01029961796896, 179.31634381350548, 20.13799130763962, 174.9365413024534, 171.03516374217352, 123.18206274949026, 151.86331710643267, 0.0004238346028016071, 0.000836037447824448, 0.0012372787474765128, 0.0015269936896355428]",Tree_Pose_137.jpg,incorrect
"[122.96571046285945, 130.54871907495613, 177.29847659417493, 43.100817698342105, 47.292907614155574, 38.771030897113164, 172.1174483644982, 154.9812914628978, 0.0006465181611259168, 0.0007504343090516528, 0.0009654104592843166, 0.0013574951096195257]",Tree_Pose_138.jpg,correct
"[169.55368630863194, 165.17650556655414, 167.8648733727935, 53.86903905415274, 69.34247300300792, 62.44063430008187, 162.1360463528821, 144.65125589034383, 0.0005748263942810988, 0.0004271268506301688, 0.0007316002793099411, 0.00078849058813658]",Tree_Pose_14.jpg,correct
"[152.7372702653278, 171.89693065870037, 23.09628055412036, 174.98455135206143, 21.85953321733021, 34.888673239282184, 147.0480416690551, 135.90710031238103, 0.000496290497303476, 0.00045627038806453195, 0.0008809180459830135, 0.00023439890301469324]",Tree_Pose_140.jpg,correct
"[163.25858111616895, 175.26713669260235, 169.35950000662325, 174.50173037295338, 38.421885241770624, 32.1984207346412, 121.61403957512582, 166.3547407106822, 0.0008014110070998104, 0.000630727852175224, 0.0008501715700116038, 0.0012063199830186242]",Tree_Pose_141.jpg,correct
"[38.052391861886875, 33.233433913591405, 170.772557303243, 13.397661340866915, 167.59717967032395, 175.06497556136028, 153.2940317923178, 146.55446461398634, 0.00043794889671060954, 0.0007153329674016236, 0.0012643007724197652, 0.0015928182903751703]",Tree_Pose_142.jpg,incorrect
"[35.04991073535049, 42.13187501955447, 26.60084642284523, 171.14999889946648, 147.81329854811636, 160.5000439942066, 168.62662881925056, 169.1178273930097, 0.0002583110213395779, 0.0007408776382194902, 0.0007232915772464298, 0.00033174626512141056]",Tree_Pose_143.jpg,correct
"[27.129351091077858, 6.653558849333309, 174.816761816558, 9.097424693239208, 175.3063759804291, 173.2995723484501, 160.68869035548246, 162.89495996118663, 0.00015274591943947174, 0.0005130650611703941, 0.0005900907434755971, 0.0011352482988918164]",Tree_Pose_144.jpg,incorrect
"[176.97154961343344, 171.75004675197673, 131.46724476316714, 170.17706387973226, 31.950308897211265, 15.08382760052269, 159.96546983034625, 166.0321896314986, 0.0009515636471750193, 0.00029075396799986406, 0.0010244212638087567, 0.0006699374518076735]",Tree_Pose_145.jpg,correct
"[21.468600675843057, 33.479401694324935, 40.4090312210032, 0.8724316028188145, 160.5679930050584, 135.0711445401778, nan, nan, 0.00023077161963426458, 0.00015611654414963289, 0.0015249547662699351, 0.0002049752622864946]",Tree_Pose_146.jpg,incorrect
"[160.7738329723425, 158.1947221250856, 172.85465693883904, 35.791950925830804, 37.51821718482211, 25.365227060417606, 164.9716376469763, 156.63820282301643, 0.0009694032733112998, 0.0005958751750924566, 0.0009009035344639935, 0.0011367356652084127]",Tree_Pose_147.jpg,correct
"[40.590564277754105, 39.47910219629509, 176.14153841501044, 31.42766061948766, 159.70540445312943, 175.52672435718708, 170.051144698987, 137.48173866864184, 0.0004012906056175736, 0.0006542758188321158, 0.0010599821745647764, 0.0012920792694999324]",Tree_Pose_148.jpg,incorrect
"[40.80265848558887, 28.973173035210948, 174.15349128399978, 22.95592875155896, 167.8331637458833, 175.63591357396555, 169.94267295617342, 151.74132751643177, 0.0003503876956534899, 0.0006927832893022968, 0.0009699677194772123, 0.0014553449003643737]",Tree_Pose_149.jpg,incorrect
"[144.72959409616917, 134.23686005929204, 178.8134798149523, 34.777982144003445, 56.72464215877653, 48.33178877089812, 165.91347154681432, 155.83105821986808, 0.001005177638444799, 0.0008748188858000483, 0.0013443374809258776, 0.0016651897641911495]",Tree_Pose_15.jpg,correct
"[142.88267859242413, 146.61116032608095, 16.149968051294536, 174.13817039964488, 56.567149159892296, 44.78823793122679, 142.73403639845083, 165.26069347063665, 0.0010847783642909776, 0.0007878205609117233, 0.0010618499688111133, 0.0002819460583019863]",Tree_Pose_150.jpg,correct
"[99.06147104534729, 135.90612335426462, 144.10456057914217, 119.79764116735569, 117.27122634409687, 167.5414745829566, 109.86587958702398, 158.90211371622686, 0.0010236818935664448, 0.0007915257009431021, 0.0011057502040197923, 0.0014623495241231084]",Tree_Pose_151.jpg,incorrect
"[152.44645945319323, 158.72188021709354, 33.42477904532867, 171.00621748221187, 151.69703155290867, 140.3673583121439, 150.8618071668124, 154.8411811100021, 0.0011457981544680678, 0.0008332187503534171, 0.0010507846041794729, 0.00046008971493610983]",Tree_Pose_152.jpg,correct
"[158.61504786630613, 156.40750789229418, 177.94759439738712, 44.44369047809926, 38.218284248184936, 28.413633241482685, 169.1918896598434, 150.2929230837653, 0.0007976854438850429, 0.0006230094256759655, 0.000814130505527043, 0.0012018596813636296]",Tree_Pose_153.jpg,correct
"[25.431488970604615, 25.470193802771067, 179.17528418268273, 160.54482481799272, 162.6764261708971, 151.90491845553706, 176.07574947521204, 48.990552835106705, 0.0002694795638898567, 0.0007161403168417999, 0.000956086448795034, 0.001462530794298164]",Tree_Pose_154.jpg,incorrect
"[47.65169946148513, 49.236554379980944, 179.82726882054726, 30.73369837347259, 162.83021653803763, 177.48840198039204, 161.43444166109032, 142.377188412362, 0.00034276141785540725, 0.0006216504115385595, 0.000887505292081721, 0.0012449055651596727]",Tree_Pose_155.jpg,incorrect
"[158.53056052934764, 165.5951078329233, 178.89652351600748, 41.88287633094297, 145.03493739654567, 100.73719098048991, 167.0967713581004, 147.66165403811124, 0.0009044181603976318, 0.0009064302058964395, 0.0012859746229230578, 0.0015374643811405793]",Tree_Pose_156.jpg,correct
"[2.165461170823009, 2.5551112081042073, 179.29584018413408, 37.61277076914082, 153.11764100312098, 142.68304271207032, 156.15838571688445, 141.34850708289284, 7.635754668517552e-05, 0.0008984931393440769, 0.0013870371749515975, 0.0018100242100819659]",Tree_Pose_157.jpg,incorrect
"[171.27032897360192, 174.08217332845442, 179.6316727991679, 141.90138005472772, 63.652431795515696, 48.57711781242454, 172.74734582031047, 36.66395758836584, 0.0007865430232534683, 0.0007403816047861675, 0.0009961932327497973, 0.0013635573995693985]",Tree_Pose_158.jpg,incorrect
"[44.35113984522168, 33.06270104705352, 179.67595082675646, 117.54973169437837, 150.5960583698904, 178.96741606458002, 153.5724918362492, 101.146562234288, 0.0004578799236601967, 0.0007455454311027929, 0.0010020017380906723, 0.0016337527179181726]",Tree_Pose_159.jpg,incorrect
"[46.800839654418404, 38.398384109754915, 175.69747952204, 29.816420556766225, 145.7220602732229, 171.58492022886787, 163.81714307198354, 159.4996106773249, 0.00046037438857053045, 0.0008172447313480383, 0.0010876287893845185, 0.0015233721647707392]",Tree_Pose_16.jpg,incorrect
"[178.3814419344548, 174.18299609711835, 178.574746272388, 25.388357006650878, 47.00784190346795, 25.632368745083344, 175.1329092031524, 166.66935342552017, 0.0007693794662983543, 0.0006525765903726547, 0.0008755995294429539, 0.0012631624371739157]",Tree_Pose_160.jpg,incorrect
"[4.5774086588552025, 36.2196413101206, 176.12301180373217, 91.19998177104053, 179.58092461280867, 170.96091741476744, 163.52773736052646, 153.17456192775927, 0.00013759944785663865, 0.0005088768617160452, 0.0007773502976260461, 0.0011260522686414231]",Tree_Pose_161.jpg,incorrect
"[169.67950951944283, 171.94368204881835, 177.74880909074977, 12.587730033088434, 67.57477685597216, 53.77282311176393, 157.78522715072552, 147.3775726180265, 0.001116377400836373, 0.0007065770052336668, 0.0010472695653074716, 0.001427866124148406]",Tree_Pose_162.jpg,correct
"[72.48717234614936, 30.832023079794514, 76.21831965996063, 54.92543676834669, 151.30869441853073, 171.17521508868043, nan, nan, 0.0005517333369518048, 0.0012470353288991914, 0.002265881703431831, 0.0012372012260632808]",Tree_Pose_163.jpg,incorrect
"[173.1878267499154, 179.75269496922363, 10.628007464944414, 177.71535666967486, 177.46642903552402, 49.331074627415404, 145.46605324997657, 149.80564737748543, 0.0008330907156640289, 0.000770562567715339, 0.0006392888677664734, 0.00042268185642677574]",Tree_Pose_164.jpg,correct
"[78.4473920919704, 122.06488065694548, 35.890875530236976, 177.31154881301435, 91.26826826344586, 72.24726677239957, 138.61088560789173, 166.51382179431664, 0.0007216552875043238, 0.0008818938291433566, 0.0009172458194492168, 0.0005240626862910416]",Tree_Pose_166.jpg,correct
"[25.45851107861769, 29.81624406151122, 36.15477221092915, 173.2443797423303, 138.79514091939615, 155.0118127472404, 147.43222384970136, 132.38175034840825, 0.00022473589217587424, 0.0006955857698429144, 0.0010143168005603564, 0.00041148100023393624]",Tree_Pose_167.jpg,correct
"[53.53706953006436, 58.89708673633739, 172.75441098172016, 51.24375056052202, 113.68063881798928, 120.0715825230531, 155.4261862801503, 129.020116111738, 0.0006506520369683838, 0.0008943302296580418, 0.0012725108887061928, 0.0019015661154480068]",Tree_Pose_168.jpg,incorrect
"[97.14142758084698, 141.02715088099174, 22.778977254863978, 126.67353052769899, 96.94318143695062, 69.39701606428139, 131.54333432139322, 155.9492691837608, 0.0004558724986181748, 0.0008415796552780239, 0.0008267102065790513, 0.00032923972147650966]",Tree_Pose_169.jpg,correct
"[79.72145564302701, 83.35213176097892, 178.97408176119563, 22.883363302841758, 174.59707430138656, 153.5088435738188, 164.5077375254638, 160.6359470188494, 0.0008440186942209197, 0.0007715226012316478, 0.0011557376923411926, 0.0014805825291135657]",Tree_Pose_17.jpg,incorrect
"[143.8852640017692, 150.82534049603393, 48.98659447415273, 169.16574795989072, 8.630210194771587, 11.684032995077382, 143.43379321808442, 174.43077821626272, 0.0005078442958627653, 0.0005302979426983018, 0.0007312285145907078, 0.0004768845857161079]",Tree_Pose_170.jpg,correct
"[159.09919642334222, 163.86083855584636, 13.28503073048404, 174.8763445860794, 80.57792576894133, 65.69947485043649, 158.9342085285645, 174.10158818930302, 0.0011848282581390663, 0.0009883448158996627, 0.0009263487081832547, 0.0003386896458322162]",Tree_Pose_171.jpg,correct
"[35.89544851194511, 40.82846137018222, 171.97260846108748, 43.12663676298394, 154.3386106996593, 169.31055032542366, 170.73737648751379, 146.23048133226897, 0.0003059346225762162, 0.0007683646553843551, 0.0008642904487100406, 0.001427567521622411]",Tree_Pose_172.jpg,incorrect
"[27.54990182081526, 19.17847634064123, 175.48945495884664, 36.49777886185597, 140.5925897425281, 168.5166206490583, 166.80510951868678, 155.64506451934145, 0.0003071535948068905, 0.0009280264843217765, 0.0012654521178325354, 0.0017755744271546001]",Tree_Pose_174.jpg,incorrect
"[123.83980916210275, 134.38048398232533, 19.650374572041382, 148.58425748415468, 66.80700976631587, 50.05791077736938, 160.44005069224076, 134.29728100662575, 0.0010778724476056274, 8.572736847545864e-05, 0.0010928944677778803, 0.001197376161131423]",Tree_Pose_175.jpg,correct
"[49.8723919455324, 54.75695058694991, 49.0842377193739, 179.73368868038241, 167.17482203504989, 179.64152882252458, 125.19885334406179, 178.304070707754, 0.00039098799571026974, 0.0007138849407305728, 0.0011059492902689397, 0.0005395400621588521]",Tree_Pose_176.jpg,incorrect
"[176.64872466737262, 178.95720384929103, 176.77359453842823, 18.03787114289525, 36.989359498123704, 8.125510885366301, 173.84093639968606, 71.86571287061147, 0.0007862912935288329, 0.000720467936657867, 0.000972217913854212, 0.0014220463628644392]",Tree_Pose_177.jpg,incorrect
"[150.92147433075704, 176.9461609927643, 173.3134939596814, 167.22827776147432, 91.22879088542334, 152.5296861568446, 172.63827220755823, 162.3365509086964, 0.000745355349245165, 0.00028710272498516686, 0.0010875239157149153, 0.0007675117690769524]",Tree_Pose_178.jpg,correct
"[164.80029539749532, 165.46428732382927, 21.581407964849475, 165.733172182526, 66.15328286535082, 61.480611156694486, 151.19351053632633, 162.62145272372794, 0.0009400652703179358, 0.000858645013922588, 0.0010361925028725765, 0.00031590483812724235]",Tree_Pose_179.jpg,correct
"[52.8325851113033, 58.83644611152551, 178.18617480068207, 34.80697879076499, 173.55488985342973, 172.06179347456765, 160.52943409939556, 154.09225040736777, 0.0006487380680279793, 0.0008528129071219691, 0.0012563456783237846, 0.0016295994070930182]",Tree_Pose_18.jpg,incorrect
"[81.90424678836116, 36.134137205275906, 143.17895912485014, 174.1214754349778, 160.26366619479091, 108.53935176268723, 83.77148247169795, 154.7275949852358, 0.0007328483590821454, 0.0007952789929903581, 0.0009020169541414291, 0.0014503911601617852]",Tree_Pose_180.jpg,correct
"[30.61039502681048, 34.289537732817635, 45.23387412891563, 167.95284390856057, 144.59613247253944, 155.81949167886978, 146.5949775845863, 156.46282731889056, 0.0002599714197127708, 0.0006945823504808367, 0.0008190933126146533, 0.0004972188368059991]",Tree_Pose_181.jpg,correct
"[128.64858437659416, 120.76936086030943, 178.61728503333686, 32.295511323738786, 55.010112359004786, 51.78617190267135, 172.3878799572709, 149.19060798505754, 0.0009061023870611622, 0.0006512271119962581, 0.0008547524055919399, 0.0012854702389107316]",Tree_Pose_182.jpg,correct
"[143.97305671137448, 162.59691218483053, 179.93772433855412, 23.860583375087383, 41.78625584720001, 18.36770234923583, 168.51892365068613, 136.09671076400392, 0.0004726784803781092, 0.0004117354444286967, 0.0005328109451903686, 0.0007919514901375597]",Tree_Pose_184.jpg,incorrect
"[34.50893818012609, 42.33824253978896, 19.58318392542913, 141.88875053106034, 177.95150283861366, 177.6139918974299, 159.05987697663986, 169.19319910758605, 0.0004297640382400849, 0.0012005140860249022, 0.0011506106308086974, 0.0004215736059036831]",Tree_Pose_185.jpg,incorrect
"[67.46699667702232, 69.43557117254366, 175.70960735188362, 34.10596019287241, 88.18243456795264, 76.6774807054687, 157.21017016552645, 154.5220096789131, 0.0007314641479712959, 0.0006966420266940899, 0.0010817697236909219, 0.001408989910705972]",Tree_Pose_186.jpg,incorrect
"[28.940713621554288, 39.461598229911374, 100.32407722655859, 171.7811655755501, 151.4499104478796, 167.5215136680074, 109.5867646981249, 162.33023634355052, 0.0003271049531305923, 0.0009335933842989368, 0.0010199265359758672, 0.000992212489683268]",Tree_Pose_187.jpg,incorrect
"[38.668575066823244, 38.133828244752166, 179.0349764582747, 32.41940048008865, 163.1022991286042, 172.57463174854345, 153.36005162700135, 179.1123741386259, 0.00031883016210396424, 0.0008722800701810721, 0.0011412218598068778, 0.0016294205654040896]",Tree_Pose_189.jpg,incorrect
"[55.71818155735411, 31.99170855063876, 22.67672437842813, 174.1680588483742, 154.10789229335003, 179.5293404922214, 176.44451565480045, 172.7867928962748, 5.95693113054972e-05, 0.0005042961956119945, 0.0007194569195570467, 0.00021866265238504649]",Tree_Pose_19.jpg,incorrect
"[108.49741105349771, 71.00358950298373, 64.13414104806148, 175.05699512286128, 169.38729832929587, 126.7669763420946, 147.16419755493413, 129.27757153902084, 0.0005175466079391787, 0.0006271000566308837, 0.0008973104287911151, 0.0006315437351063403]",Tree_Pose_2.jpg,correct
"[166.2128041359397, 176.01890548414949, 178.1004599139795, 23.907634168498873, 83.2022464794936, 58.337805187248456, 166.6568909691692, 145.77784834498402, 0.001085355794277571, 0.0007805343325794053, 0.0011710968291174428, 0.0016077731516017796]",Tree_Pose_20.jpg,correct
"[58.4500733041646, 49.27220010777498, 178.82045626876433, 20.765003874260195, 170.08177037383965, 171.1085528926278, 160.92184285624396, 155.7862739951275, 0.0005878986386621747, 0.0009073597029625211, 0.0012414628019809398, 0.0017538887331038269]",Tree_Pose_21.jpg,incorrect
"[174.5965198526026, 156.47194722342977, 9.300077936739893, 150.16177942663245, 27.100206029289286, 16.183889638538467, 148.7866037716135, 162.7827541388557, 0.0006225904831941012, 0.00046427286899589695, 0.0007191005392942555, 0.00027126340632487413]",Tree_Pose_22.jpg,correct
"[175.98656655385625, 131.86036266509356, 172.3184760606971, 7.309445859018238, 9.773089418025396, 19.411308883194636, 179.41512015177733, 178.2036079283235, 0.0005520631312480805, 0.00046883870088497003, 0.0007088014119667158, 0.0009328971395399329]",Tree_Pose_23.jpg,incorrect
"[165.26173993073428, 170.2838354215374, 176.73354507650524, 28.173209929023745, 56.043323131971626, 39.37467565455065, 167.6492430252309, 152.93222697869717, 0.0008566721558823636, 0.0006785876814745994, 0.0009738690063990312, 0.0012157236281915243]",Tree_Pose_24.jpg,correct
"[77.58270646041262, 165.57768637266983, 30.50165984443861, 176.3806011583143, 124.87651218433099, 28.530262433784632, 152.54598865935898, 144.95176332264992, 0.0003844967541201831, 0.000671878863066788, 0.0008215432255978921, 0.00038059778220329496]",Tree_Pose_25.jpg,correct
"[154.03446667967867, 140.75498533934294, 17.9475163000553, 178.60285558386096, 58.35271444466105, 33.080649119183775, 147.88416030481815, 165.82649839642167, 0.0009057637756569043, 0.0008458767695623812, 0.0009112762626678795, 0.00029435533031877564]",Tree_Pose_26.jpg,correct
"[29.975439365977323, 30.315004617927666, 39.170290714278465, 172.44600883020686, 146.687337082146, 159.0364841156617, 166.59868385997265, 135.1533350336851, 0.0003373949489216406, 0.0009595357572299543, 0.0012734687105121654, 0.0006062627102336115]",Tree_Pose_27.jpg,correct
"[27.803441848265724, 80.80985706086804, 161.61914239364492, 92.20333420669829, 144.8018548876735, 152.85182956912075, 144.36237914135543, 179.1667380213021, 0.0003552859457901709, 0.0007025852960325457, 0.0015555102210476346, 0.0007569064031126087]",Tree_Pose_28.jpg,incorrect
"[63.73352853348301, 71.12474287543188, 158.11385810400108, 84.29700138889966, 92.84352086094435, 68.63727677683934, 28.318481817186022, 24.68875418941701, 0.0006318471850849277, 0.000527329616020648, 0.0019930312857364893, 0.0006351324718517981]",Tree_Pose_29.jpg,incorrect
"[48.16792116859275, 46.87680333992908, 175.9470905386396, 38.0123527030431, 173.37467069492698, 165.18314379350318, 163.39970522644558, 158.45154846398617, 0.0005332649544343501, 0.0008586558584204746, 0.0011465744373117246, 0.0015477001176792443]",Tree_Pose_3.jpg,incorrect
"[158.48013323193769, 150.31383017262024, 39.2330659010622, 172.67252550745033, 45.76349859387443, 30.22683427255254, 161.88835416487302, 159.11854143516442, 0.0009206716459363408, 0.0009681280623296514, 0.0009171179280370274, 0.0006724663300298816]",Tree_Pose_30.jpg,correct
"[159.01791008655243, 156.55109844382451, 178.39244394526466, 11.998312793763075, 37.490505618326445, 34.73141666997715, 174.35599968622694, 165.9371498674519, 0.0008609642030312229, 0.0007383123845347184, 0.0010617209548415656, 0.0014602823529579082]",Tree_Pose_31.jpg,correct
"[109.99541995179086, 51.44562469959125, 55.48672038224049, 176.4919468598159, 175.69089171745716, 161.90090734275972, 152.09431877724137, 144.3948341275031, 0.0009534968175413783, 0.0006770633290717625, 0.0010363942145966826, 0.0006256884436516194]",Tree_Pose_32.jpg,correct
"[8.989632066012502, 173.2002522669534, 179.07352744704247, 38.38735207097821, 163.79149333173171, 150.98079567345457, 170.37741731644581, 146.93325862920736, 9.773001870996516e-05, 0.0004994430281730581, 0.0007574195335296896, 0.001051627376333309]",Tree_Pose_34.jpg,incorrect
"[34.38243456356396, 29.796230660640443, 176.2409332855266, 27.737947349542203, 150.95396945088424, 166.07308338284415, 160.80921977871222, 163.3317619242695, 0.0003592852227241659, 0.0009271348552672727, 0.0013240652152410966, 0.0017644717719090528]",Tree_Pose_35.jpg,incorrect
"[169.66738833812312, 146.2076162211128, 176.11591925400222, 25.468061053933276, 68.0011536010544, 71.06612915238303, 173.77859570007948, 162.82899779658746, 0.0006200781145988258, 0.00044379104196121545, 0.0007233896660308202, 0.000915409925149735]",Tree_Pose_36.jpg,incorrect
"[26.349580034987586, 28.769398190281514, 176.21672708467452, 32.98620198051799, 147.3328274026546, 157.29458881210945, 173.39318267404585, 149.59949050186717, 0.00021463240782171563, 0.0008384773166384904, 0.0010232028878015863, 0.0016338298819274745]",Tree_Pose_37.jpg,incorrect
"[61.8150340308909, 65.0405549035476, 77.0873674077374, 171.80286048245574, 168.88642249481558, 172.509621164568, 126.7591490907685, 179.51204621251222, 0.0004880872611040702, 0.0007845785994806716, 0.0008360403502648164, 0.0009054232289221808]",Tree_Pose_38.jpg,incorrect
"[112.3715461428351, 46.42738554731969, 38.43137182443468, 169.4877820223192, 177.66287852798195, 159.60133868979807, 155.42526532980588, 155.39436905845264, 0.0008973156882364919, 0.0007553837253868277, 0.0010482842982329885, 0.0004906076396499229]",Tree_Pose_39.jpg,correct
"[13.197128202691893, 71.62519186369433, 19.0753505900253, 146.8758698064228, 151.7896726401663, 157.4022751006464, 152.75455876322053, 164.23236224544056, 0.00018509872917438469, 0.0009230966340718664, 0.0007000137981290903, 0.00031233088800322807]",Tree_Pose_4.jpg,correct
"[67.31914867254679, 63.181663003316, 6.93229676940603, 176.90482032335166, 75.83045440988678, 63.76291724528245, 158.00299108851917, 174.74288487476753, 0.0006044153528240073, 0.0007650939229032219, 0.001025857653169669, 0.000118137327149778]",Tree_Pose_40.jpg,correct
"[178.3942431541375, 172.17004957149436, 146.06821073518807, 53.51483441879432, 5.815381283606124, 1.7071000201449174, 128.91017533965095, 171.5322867459856, 0.0008705840137823576, 0.0005475053766007273, 0.001052079144478032, 0.000916017811225108]",Tree_Pose_41.jpg,incorrect
"[177.90271246655806, 172.46483611149048, 15.664954399464595, 17.310406228350217, 61.33648424536256, 54.08299723243537, 153.28600839350682, 151.69905198569109, 0.001006481883765254, 0.0006386954996939901, 0.0010111912109341493, 0.0005399815529354161]",Tree_Pose_43.jpg,correct
"[49.926489541166646, 45.460215198382166, 179.87411475410468, 19.658558393166274, 91.76274770608498, 94.646352052882, 164.644758606766, 146.38836921681317, 0.0006200859861853773, 0.0007637534561908741, 0.0013249637485261987, 0.0018212424548870146]",Tree_Pose_44.jpg,incorrect
"[170.2244966529387, 166.7040595450906, 178.69255460759294, 49.368427361600254, 63.27731249900807, 62.75864392531635, 160.00228146586065, 149.94690264885134, 0.0006568035589156829, 0.000622701566143639, 0.0008283855707506543, 0.0012656735762946025]",Tree_Pose_45.jpg,correct
"[77.17834747268671, 85.79612414535943, 177.25181643026252, 63.51333006437686, 91.21857106250857, 66.22301952952117, 163.664752100241, 148.95449542076406, 0.0005428843905233267, 0.0006289134003162208, 0.0008087833793584679, 0.0011301913573241026]",Tree_Pose_46.jpg,incorrect
"[176.14389377845296, 169.31172505283735, 92.12734604990762, 173.2691336333219, 30.853705317752464, 25.65876318421988, 117.47283162561276, 160.3237503780962, 0.0008113597345300606, 0.0005219307611829683, 0.0009369174522818809, 0.0006779720796343734]",Tree_Pose_47.jpg,correct
"[23.593672477621965, 38.53605793297847, 8.352190761518578, 35.73661294448248, 170.6686318155079, 176.51449278745363, 144.3731766464111, 159.7560092649008, 0.00032730795800542015, 0.001197498528503869, 0.0012297777008365455, 0.0002692615499003908]",Tree_Pose_48.jpg,incorrect
"[114.5494213931083, 117.22100317244895, 174.20161238572354, 21.51769814097922, 60.69182164914909, 43.01873803539704, 175.13136937491598, 179.67815290056828, 0.0009543197677712433, 0.0008419897883261614, 0.0011788668398976041, 0.0016383985279553104]",Tree_Pose_49.jpg,incorrect
"[56.841451688788716, 52.795273729310935, 74.738022630585, 160.2062810685399, 147.6021772272907, 165.68163380594817, 72.3142801342039, 176.308842711528, 0.0005397917349203546, 0.0007853433954067107, 0.0009385303607484574, 0.000768624364084312]",Tree_Pose_5.jpg,incorrect
"[172.28152699381874, 170.86021606896395, 173.95489264386205, 24.01149177171817, 37.05294684326529, 17.71910372580648, 3.8409335933598525, 169.65677712954016, 0.0009688565426678988, 0.0008526838758036929, 0.0010644957416694823, 0.001446104359351671]",Tree_Pose_50.jpg,incorrect
"[156.45464363100245, 146.92226903563622, 38.15656610454476, 175.26625660090252, 36.43695369545295, 32.88175945597587, 143.29764644697394, 133.02442944862116, 0.0008515714677949401, 0.0004608554806858935, 0.0009087953768770007, 0.0003018756154086266]",Tree_Pose_51.jpg,correct
"[47.23200974838686, 37.24433160150409, 175.69950403069404, 14.737341940655078, 155.26355568164382, 176.36899228955346, 157.41241562163574, 147.71203130951199, 0.0004929756184118288, 0.0008089853689041297, 0.0014035929862874488, 0.001736832917301268]",Tree_Pose_52.jpg,incorrect
"[48.52367684620388, 56.749967494289564, 98.21726759559988, 175.15671392531732, 154.63234808177822, 179.53055118906568, 112.21123652213807, 160.26352398298113, 0.00037548350601683073, 0.0005417243483649023, 0.0009460999124848924, 0.0006567381610132432]",Tree_Pose_53.jpg,incorrect
"[164.96595912573542, 157.98176021232703, 31.22024828922408, 176.22070447685928, 39.29469411134786, 28.78528792044155, 152.37899436749464, 177.7839123603757, 0.0010608196869469526, 0.0007813856676731907, 0.0009865676388521693, 0.00040863304847185006]",Tree_Pose_54.jpg,correct
"[28.513234922046752, 23.669232523135364, 170.4716286298539, 15.248602053435814, 171.10765988750583, 153.940885123708, 166.50026480999307, 146.91192150549807, 0.00037748694715071036, 0.0007359865310790147, 0.0012826629235544243, 0.0015794343158367084]",Tree_Pose_56.jpg,incorrect
"[106.13832438913651, 107.89921677068816, 168.71958767317562, 36.661869007077804, 63.66980762692904, 50.13649384009793, 154.50820336200647, 122.53699236344691, 0.0009769410783492746, 0.00086849657811689, 0.0011128192512805928, 0.001651593802405383]",Tree_Pose_57.jpg,correct
"[90.54026650016804, 99.94077476849415, 27.363484491506174, 170.69377973148354, 73.68522435810105, 50.01867700157496, 164.6676206359573, 170.49134763271158, 0.0008643852222045756, 0.0010423695080601294, 0.0010606241584934155, 0.00048598989821202774]",Tree_Pose_58.jpg,correct
"[163.38677516625796, 97.78757556932077, 123.18639089485536, 170.69778460579914, 169.17586116821616, 141.8649284860705, 110.28238612872805, 156.0074891033818, 0.0007332334686882877, 0.0005054004592452606, 0.0009743521725605754, 0.0008173299459582799]",Tree_Pose_59.jpg,correct
"[156.44314822248563, 161.71061374892454, 10.54075629404738, 175.73098025352493, 83.31888592998065, 57.270627228728735, 168.60431062933333, 175.80314545497262, 0.0010174471368379976, 0.0009655374969875158, 0.001029387469833085, 0.00031166379642708563]",Tree_Pose_6.jpg,correct
"[125.00668911848649, 105.85677592118968, 175.9420380777183, 53.524975156449976, 168.5368292938921, 163.29337395935164, 170.94584202902496, 125.5850421494895, 0.000595613845339128, 0.0006662562279530085, 0.0008097717384668536, 0.0012208963251482028]",Tree_Pose_60.jpg,incorrect
"[177.32372381186414, 162.9155949989574, 120.72988186716712, 164.22277648029976, 172.1462095613733, 131.96465753416106, 152.96403322704344, 172.16250659013627, 0.0008233063955624581, 0.0005779632295047963, 0.0009718880651942661, 0.0008457739433395188]",Tree_Pose_61.jpg,correct
"[161.02188566025217, 175.24271744261412, 175.6339287977609, 36.1712815677998, 77.38402872314154, 55.2488161348899, 158.40946058028322, 158.08729333537113, 0.0010095229660095533, 0.0007833769188556638, 0.001197530407010558, 0.0015539640738222878]",Tree_Pose_62.jpg,correct
"[140.15439687869616, 148.8319469521195, 27.936933740050353, 179.41217728837273, 85.63892567351293, 75.46650504845437, 149.79476638186168, 170.11646112338934, 0.001054165774175447, 0.0010219548411263485, 0.0009790927543340535, 0.0004864327819494118]",Tree_Pose_63.jpg,correct
"[121.1750782146467, 126.7988607656403, 25.379825414532714, 170.04608712419167, 68.92267484417722, 55.017653572710955, 138.54934284795382, 162.5259967559229, 0.0011560252215021786, 0.0009832416701333888, 0.0011382470683832784, 0.0004963661828592863]",Tree_Pose_64.jpg,correct
"[113.22929984704597, 137.66825872883172, 24.741822178290295, 175.43133788509954, 101.82875758192166, 27.348449175335293, 143.9913583784727, 169.02096536484294, 0.0005925691580076187, 0.0005641034874133632, 0.0007572080343363883, 0.00029590374572920346]",Tree_Pose_65.jpg,correct
"[151.6320424684266, 165.2460065200931, 174.1247154984153, 33.89647064321651, 84.54240644527059, 59.99575643045986, 162.90034672684158, 138.67793657838754, 0.0007632776112671689, 0.00046347040474215966, 0.0007522795366524764, 0.001033787313383104]",Tree_Pose_66.jpg,correct
"[107.69548250319355, 106.50457880811351, 31.92076807740459, 173.89289009974397, 65.96273517051024, 63.790083080433455, 143.2315944847296, 170.01558085941804, 0.0009700295134947617, 0.0010868250014390132, 0.0010753715264900108, 0.0005754412492750615]",Tree_Pose_68.jpg,correct
"[38.26951573708011, 46.484593102087274, 31.588216558629668, 173.15416919446903, 157.94348284162817, 168.411362559692, 128.50085378091248, 176.37414186451608, 0.0003176000715959581, 0.0007735248068682054, 0.000983670593875054, 0.0004493138498459971]",Tree_Pose_69.jpg,incorrect
"[133.2548430040069, 160.41507035703486, 38.704997579127834, 119.99980428861181, 165.97681260004487, 120.01959041018445, 142.61075467243396, 128.83611567271242, 0.000474724644669367, 0.0003958423424814275, 0.0005569656046431076, 0.00025308104472701777]",Tree_Pose_7.jpg,correct
"[151.54042491899864, 160.36466188910288, 177.79867548283767, 91.44364343560382, 174.12464768729635, 34.57002118125996, 141.96864658436607, 154.39597018662823, 0.000886209083741456, 0.0006762496923579069, 0.0007954163791934003, 0.0013094260324612546]",Tree_Pose_70.jpg,correct
"[102.0824118226406, 175.85517884064777, 170.7000430795492, 175.78291041407115, 78.70541760165806, 9.527280426431357, 167.319019446121, 147.91675200967092, 0.0008354915432859198, 0.0008561979117538245, 0.0010771967181236774, 0.0016580369041056748]",Tree_Pose_71.jpg,correct
"[90.28345464634702, 93.61274995917579, 14.700524570007179, 177.79732881242418, 75.74445034431344, 71.59251812908913, 167.46435521192987, 175.36656191913502, 0.0007590876904357255, 0.0010245969732718225, 0.0009509455454209509, 0.00033880110595339787]",Tree_Pose_72.jpg,correct
"[178.11429517780041, 177.93667259623209, 177.82587239337508, 51.90526319007104, 65.98864047737135, 56.34192816600069, 171.24260513734976, 143.44037705962913, 0.0006468899755066721, 0.0006195852283560982, 0.0010486288467403293, 0.0012227933127426035]",Tree_Pose_73.jpg,incorrect
"[31.515307029260452, 35.53024853203585, 177.88972069553577, 46.484938336506616, 140.66123176219662, 148.14675642272852, 156.34367492219874, 135.0943202984024, 0.00016881330441050738, 0.0004602482280205729, 0.0006248809626247826, 0.000906161904863811]",Tree_Pose_74.jpg,incorrect
"[174.26027933562543, 171.50721809008596, 178.71022480949145, 22.145836261884185, 35.77728964791288, 19.66217176958348, 161.98176685549726, 143.27310672940678, 0.0008000196772000484, 0.0005968977256875463, 0.0009390691775381223, 0.0011965186770688415]",Tree_Pose_75.jpg,correct
"[76.96803195990863, 38.28889852743054, 124.58140918156137, 169.88592398605502, 175.17948168590803, 171.20303796571105, 146.7509854483036, 69.61841681133663, 0.0004090755476484505, 0.00042616955326715416, 0.0008189884196672158, 0.0007127825686546101]",Tree_Pose_76.jpg,incorrect
"[41.38958688001285, 45.61566497582526, 79.524628526644, 177.06444523922124, 160.9213056680016, 171.92437844187097, 135.8694350450972, 172.99285079782436, 0.00026566708937836395, 0.0005590051584566106, 0.0008795026396568376, 0.0006065964774469645]",Tree_Pose_77.jpg,incorrect
"[173.00886029506916, 178.29480728874674, 25.086513978154194, 169.760545271271, 87.74174790573046, 65.84859947177289, 151.88185525578987, 158.82168468071694, 0.0009690428433825926, 0.0006807035865852538, 0.0009210345898496698, 0.000290326820263006]",Tree_Pose_78.jpg,correct
"[173.75916194702998, 166.4877797489291, 104.93023113104434, 177.72483868824585, 47.38422766498773, 21.88286876876341, 129.92135798730007, 173.31754268376545, 0.0008859291830451588, 0.00067815704420887, 0.000967703426026654, 0.000902831590625867]",Tree_Pose_79.jpg,correct
"[148.66248332008772, 128.0624329848092, 174.02475848308774, 45.67672294879981, 53.77892196864329, 63.69366849983509, 173.15079964461844, 157.63902279290397, 0.0008549068546748677, 0.0006739889203647658, 0.0010512174676172983, 0.001351501399640336]",Tree_Pose_8.jpg,correct
"[173.49017265160282, 120.51807126492342, 82.21750830615652, 5.588387166207234, 147.16512414938117, 171.08357247998197, 159.74174099644804, 175.06563608000877, 0.0006047634488683297, 0.00030259863453566214, 0.0007539515481605118, 0.000585574377385698]",Tree_Pose_80.jpg,incorrect
"[30.73741560443784, 24.95320455378682, 53.87446058177671, 177.91844655026617, 164.79599184006852, 174.69951131592794, 132.42159258887568, 166.41809996696924, 0.0002684357989137781, 0.0004892920504775371, 0.0010509940179901478, 0.0004944254303091112]",Tree_Pose_82.jpg,incorrect
"[133.6400443023679, 125.78976840473567, 22.583649804935096, 175.58156690834704, 53.88617530530595, 43.89171179346636, 137.62586372424028, 163.161980441306, 0.0009294245135338444, 0.0008245926779772324, 0.0009501836467098563, 0.00031686243791135405]",Tree_Pose_84.jpg,correct
"[178.394169101447, 165.8480277779984, 178.36440423127496, 40.519201437882224, 33.51057600532394, 15.972188994679698, 160.71153818736786, 141.07339854086726, 0.0007115638654003314, 0.0008602778040114184, 0.001086148747581189, 0.0015639678124915472]",Tree_Pose_85.jpg,correct
"[175.40050043950194, 175.39088487179265, 14.558051053572653, 177.4353451556613, 26.40952807442817, 18.82879172652257, 164.42388699053555, 176.74372961034194, 0.0010372788667702634, 0.0006706577599257044, 0.0009897152165079263, 0.00016918805333880553]",Tree_Pose_86.jpg,correct
"[169.56285372095655, 172.36886992302612, 14.120249517455308, 175.72844238712997, 73.59408066186306, 58.48732558447047, 155.46639910545255, 170.3241560478822, 0.0008630953531008616, 0.0007463997324533458, 0.000827588649070483, 0.00020388418993060246]",Tree_Pose_87.jpg,correct
"[68.23361994689134, 70.72531488835938, 172.30838960458829, 41.430245318595155, 89.45149968415622, 72.52527848371146, 154.6958908162187, 175.67395483223868, 0.0007238939892709014, 0.0008354265376793003, 0.001086941166200842, 0.0015436654092857427]",Tree_Pose_88.jpg,incorrect
"[124.45602824717109, 120.4113478119529, 176.6483227288776, 25.3962192483981, 48.71058397115273, 47.665972258644494, 149.55885638236848, 157.66425551391893, 0.0008897355874831008, 0.0007613357882461016, 0.0010888154846633582, 0.001283185283264426]",Tree_Pose_89.jpg,correct
"[162.72914217340175, 154.4165659528438, 24.739284419356725, 178.72057009437313, 42.40543568906796, 31.10067306505422, 153.29634488327403, 172.99219443205567, 0.0010151197133926517, 0.0007571124011696435, 0.0008989337848371673, 0.0003176584209557493]",Tree_Pose_9.jpg,correct
"[172.8253710685787, 175.54439706420092, 179.91547006504402, 115.54864475568144, 31.581032125575728, 23.702888542727486, 169.86657408672775, 153.22457614230498, 0.0007373365634556563, 0.0005741449499075677, 0.0008961178318109627, 0.0010128377459801647]",Tree_Pose_90.jpg,correct
"[144.39978932148188, 143.01065017709772, 171.0196033106184, 2.415591570110148, 54.80465017989141, 42.11949997730483, 169.79795870391834, 149.02167943538169, 0.0007777218029408487, 0.0005302568038666942, 0.0009136133677863747, 0.0011993616744637257]",Tree_Pose_91.jpg,correct
"[135.42107442910418, 109.78583206634792, 30.229887516563586, 134.6440440475866, 68.20881707045824, 49.297725936001186, 142.31554183034063, 143.09162152288405, 0.0007223431113760153, 0.0009185488721401008, 0.0009628691841048894, 0.00046247634789469945]",Tree_Pose_92.jpg,correct
"[149.8960723671117, 160.2928462412748, 177.8776043721668, 49.05989219563553, 92.31000588535025, 85.87811734837385, 155.00628949622296, 132.7898442420348, 0.0008498204015632104, 0.0007409188240369975, 0.0009585184237255607, 0.0013918894754883443]",Tree_Pose_93.jpg,correct
"[84.44623477097288, 151.38574041623036, 33.763000649360514, 151.06412656805867, 76.06906673126936, 52.56622406205601, 148.80453085702848, 159.95078057332037, 0.0006686993757008849, 0.0008912098715461876, 0.000985524039373801, 0.000499026635010542]",Tree_Pose_94.jpg,correct
"[165.9675991596239, 170.25255257539249, 176.8114627508678, 33.167658665291306, 44.99089072027939, 19.78834181517387, 167.9276516239919, 157.33750865265213, 0.001008340532332995, 0.0008002213687755899, 0.0010902444485383282, 0.001506645480960633]",Tree_Pose_95.jpg,correct
"[175.27388072846804, 174.9412389580123, 174.05639102108307, 25.725672784667342, 44.768530173765214, 26.519300227904473, 162.2107580338919, 164.2128838794201, 0.0009868023678014956, 0.000801780060447038, 0.0011527637582543731, 0.0015936480686845982]",Tree_Pose_96.jpg,correct
"[7.016462251860579, 46.26241429545073, 63.05077172266983, 174.6135099625575, 167.13049567295417, 176.15115044389952, 134.57853697540793, 169.68216880334313, 0.00011415137744527496, 0.0014999953688237908, 0.0014798560429781697, 0.0022899575229197973]",Tree_Pose_97.jpg,incorrect
"[40.99829162704807, 33.360424800910046, 25.79177184230151, 170.58581100711487, 134.79910740584194, 163.38051464252402, 149.60813484763128, 172.90636837436136, 0.00035948235302374077, 0.000811321269162446, 0.0008329726549989725, 0.00035369478424303867]",Tree_Pose_98.jpg,correct
"[77.57205276507231, 75.14211414173799, 9.613551251159809, 166.54505227747237, 83.59625702971216, 78.24269591128505, 155.65035427505174, 169.50550024305596, 0.0009743543451022303, 0.001405548689615376, 0.000945728437337917, 0.00030542700016263194]",Tree_Pose_99.jpg,correct
